{
  "hash": "d48f6d50",
  "configHash": "ff3fc40d",
  "lockfileHash": "2f5cecf1",
  "browserHash": "ebea5483",
  "optimized": {
    "@angular/animations": {
      "src": "../../../../../../node_modules/@angular/animations/fesm2022/animations.mjs",
      "file": "@angular_animations.js",
      "fileHash": "ec90a511",
      "needsInterop": false
    },
    "@angular/common": {
      "src": "../../../../../../node_modules/@angular/common/fesm2022/common.mjs",
      "file": "@angular_common.js",
      "fileHash": "57fc9294",
      "needsInterop": false
    },
    "@angular/common/http": {
      "src": "../../../../../../node_modules/@angular/common/fesm2022/http.mjs",
      "file": "@angular_common_http.js",
      "fileHash": "277be8d3",
      "needsInterop": false
    },
    "@angular/core": {
      "src": "../../../../../../node_modules/@angular/core/fesm2022/core.mjs",
      "file": "@angular_core.js",
      "fileHash": "d1464b04",
      "needsInterop": false
    },
    "@angular/forms": {
      "src": "../../../../../../node_modules/@angular/forms/fesm2022/forms.mjs",
      "file": "@angular_forms.js",
      "fileHash": "53416f19",
      "needsInterop": false
    },
    "@angular/platform-browser": {
      "src": "../../../../../../node_modules/@angular/platform-browser/fesm2022/platform-browser.mjs",
      "file": "@angular_platform-browser.js",
      "fileHash": "a6220524",
      "needsInterop": false
    },
    "@angular/platform-browser/animations/async": {
      "src": "../../../../../../node_modules/@angular/platform-browser/fesm2022/animations/async.mjs",
      "file": "@angular_platform-browser_animations_async.js",
      "fileHash": "d61a19b4",
      "needsInterop": false
    },
    "@angular/router": {
      "src": "../../../../../../node_modules/@angular/router/fesm2022/router.mjs",
      "file": "@angular_router.js",
      "fileHash": "9905e696",
      "needsInterop": false
    },
    "@primeuix/themes": {
      "src": "../../../../../../node_modules/@primeuix/themes/dist/index.mjs",
      "file": "@primeuix_themes.js",
      "fileHash": "45c04b0f",
      "needsInterop": false
    },
    "@primeuix/themes/aura": {
      "src": "../../../../../../node_modules/@primeuix/themes/dist/aura/index.mjs",
      "file": "@primeuix_themes_aura.js",
      "fileHash": "8b39e757",
      "needsInterop": false
    },
    "@primeuix/themes/lara": {
      "src": "../../../../../../node_modules/@primeuix/themes/dist/lara/index.mjs",
      "file": "@primeuix_themes_lara.js",
      "fileHash": "4c28c7f3",
      "needsInterop": false
    },
    "@primeuix/themes/nora": {
      "src": "../../../../../../node_modules/@primeuix/themes/dist/nora/index.mjs",
      "file": "@primeuix_themes_nora.js",
      "fileHash": "9a67127b",
      "needsInterop": false
    },
    "primeng/api": {
      "src": "../../../../../../node_modules/primeng/fesm2022/primeng-api.mjs",
      "file": "primeng_api.js",
      "fileHash": "2fe2f99c",
      "needsInterop": false
    },
    "primeng/button": {
      "src": "../../../../../../node_modules/primeng/fesm2022/primeng-button.mjs",
      "file": "primeng_button.js",
      "fileHash": "cabd55a1",
      "needsInterop": false
    },
    "primeng/checkbox": {
      "src": "../../../../../../node_modules/primeng/fesm2022/primeng-checkbox.mjs",
      "file": "primeng_checkbox.js",
      "fileHash": "5b495d3f",
      "needsInterop": false
    },
    "primeng/config": {
      "src": "../../../../../../node_modules/primeng/fesm2022/primeng-config.mjs",
      "file": "primeng_config.js",
      "fileHash": "a5a4d34d",
      "needsInterop": false
    },
    "primeng/confirmdialog": {
      "src": "../../../../../../node_modules/primeng/fesm2022/primeng-confirmdialog.mjs",
      "file": "primeng_confirmdialog.js",
      "fileHash": "825a0583",
      "needsInterop": false
    },
    "primeng/dialog": {
      "src": "../../../../../../node_modules/primeng/fesm2022/primeng-dialog.mjs",
      "file": "primeng_dialog.js",
      "fileHash": "a109f916",
      "needsInterop": false
    },
    "primeng/divider": {
      "src": "../../../../../../node_modules/primeng/fesm2022/primeng-divider.mjs",
      "file": "primeng_divider.js",
      "fileHash": "b676993d",
      "needsInterop": false
    },
    "primeng/iconfield": {
      "src": "../../../../../../node_modules/primeng/fesm2022/primeng-iconfield.mjs",
      "file": "primeng_iconfield.js",
      "fileHash": "9ff5061a",
      "needsInterop": false
    },
    "primeng/inputicon": {
      "src": "../../../../../../node_modules/primeng/fesm2022/primeng-inputicon.mjs",
      "file": "primeng_inputicon.js",
      "fileHash": "9b5f5e77",
      "needsInterop": false
    },
    "primeng/inputtext": {
      "src": "../../../../../../node_modules/primeng/fesm2022/primeng-inputtext.mjs",
      "file": "primeng_inputtext.js",
      "fileHash": "20bf15ac",
      "needsInterop": false
    },
    "primeng/password": {
      "src": "../../../../../../node_modules/primeng/fesm2022/primeng-password.mjs",
      "file": "primeng_password.js",
      "fileHash": "9eed3ca6",
      "needsInterop": false
    },
    "primeng/progressspinner": {
      "src": "../../../../../../node_modules/primeng/fesm2022/primeng-progressspinner.mjs",
      "file": "primeng_progressspinner.js",
      "fileHash": "0ff5549a",
      "needsInterop": false
    },
    "primeng/ripple": {
      "src": "../../../../../../node_modules/primeng/fesm2022/primeng-ripple.mjs",
      "file": "primeng_ripple.js",
      "fileHash": "465e4469",
      "needsInterop": false
    },
    "primeng/scroller": {
      "src": "../../../../../../node_modules/primeng/fesm2022/primeng-scroller.mjs",
      "file": "primeng_scroller.js",
      "fileHash": "951644cb",
      "needsInterop": false
    },
    "primeng/selectbutton": {
      "src": "../../../../../../node_modules/primeng/fesm2022/primeng-selectbutton.mjs",
      "file": "primeng_selectbutton.js",
      "fileHash": "ff36b7ac",
      "needsInterop": false
    },
    "primeng/styleclass": {
      "src": "../../../../../../node_modules/primeng/fesm2022/primeng-styleclass.mjs",
      "file": "primeng_styleclass.js",
      "fileHash": "0d2aba5c",
      "needsInterop": false
    },
    "primeng/table": {
      "src": "../../../../../../node_modules/primeng/fesm2022/primeng-table.mjs",
      "file": "primeng_table.js",
      "fileHash": "910ea342",
      "needsInterop": false
    },
    "primeng/tabs": {
      "src": "../../../../../../node_modules/primeng/fesm2022/primeng-tabs.mjs",
      "file": "primeng_tabs.js",
      "fileHash": "f55974c8",
      "needsInterop": false
    },
    "primeng/toast": {
      "src": "../../../../../../node_modules/primeng/fesm2022/primeng-toast.mjs",
      "file": "primeng_toast.js",
      "fileHash": "5892289c",
      "needsInterop": false
    },
    "rxjs": {
      "src": "../../../../../../node_modules/rxjs/dist/esm5/index.js",
      "file": "rxjs.js",
      "fileHash": "82cd4e14",
      "needsInterop": false
    },
    "rxjs/operators": {
      "src": "../../../../../../node_modules/rxjs/dist/esm5/operators/index.js",
      "file": "rxjs_operators.js",
      "fileHash": "d2aae02c",
      "needsInterop": false
    },
    "zone.js": {
      "src": "../../../../../../node_modules/zone.js/fesm2015/zone.js",
      "file": "zone__js.js",
      "fileHash": "8d42c0b8",
      "needsInterop": true
    }
  },
  "chunks": {
    "browser-KUTJLM37": {
      "file": "browser-KUTJLM37.js"
    },
    "chunk-3JS536TB": {
      "file": "chunk-3JS536TB.js"
    },
    "chunk-Y3R3VYAP": {
      "file": "chunk-Y3R3VYAP.js"
    },
    "chunk-3COS227I": {
      "file": "chunk-3COS227I.js"
    },
    "chunk-GUXHXR4B": {
      "file": "chunk-GUXHXR4B.js"
    },
    "chunk-ZGUI4Y4T": {
      "file": "chunk-ZGUI4Y4T.js"
    },
    "chunk-HPYAA344": {
      "file": "chunk-HPYAA344.js"
    },
    "chunk-EJLFKYTT": {
      "file": "chunk-EJLFKYTT.js"
    },
    "chunk-L2JJWY6E": {
      "file": "chunk-L2JJWY6E.js"
    },
    "chunk-DF6DPW4O": {
      "file": "chunk-DF6DPW4O.js"
    },
    "chunk-R7JFBUJZ": {
      "file": "chunk-R7JFBUJZ.js"
    },
    "chunk-BIS7TURO": {
      "file": "chunk-BIS7TURO.js"
    },
    "chunk-P5652PBR": {
      "file": "chunk-P5652PBR.js"
    },
    "chunk-BDO4KRZH": {
      "file": "chunk-BDO4KRZH.js"
    },
    "chunk-3AEXGEEZ": {
      "file": "chunk-3AEXGEEZ.js"
    },
    "chunk-CKKS46AP": {
      "file": "chunk-CKKS46AP.js"
    },
    "chunk-VEIYSSMT": {
      "file": "chunk-VEIYSSMT.js"
    },
    "chunk-DJVBFOZ6": {
      "file": "chunk-DJVBFOZ6.js"
    },
    "chunk-PWHJIVZ5": {
      "file": "chunk-PWHJIVZ5.js"
    },
    "chunk-RSIC7CPZ": {
      "file": "chunk-RSIC7CPZ.js"
    },
    "chunk-EJNHTBKC": {
      "file": "chunk-EJNHTBKC.js"
    },
    "chunk-AQGKRKPS": {
      "file": "chunk-AQGKRKPS.js"
    },
    "chunk-W2Q77YF4": {
      "file": "chunk-W2Q77YF4.js"
    },
    "chunk-7R335IKT": {
      "file": "chunk-7R335IKT.js"
    },
    "chunk-YIYCLP5X": {
      "file": "chunk-YIYCLP5X.js"
    },
    "chunk-RSPUADW5": {
      "file": "chunk-RSPUADW5.js"
    },
    "chunk-MFAXB7NO": {
      "file": "chunk-MFAXB7NO.js"
    },
    "chunk-I7P5IMQC": {
      "file": "chunk-I7P5IMQC.js"
    },
    "chunk-636JCMZ5": {
      "file": "chunk-636JCMZ5.js"
    },
    "chunk-ONJW5VE5": {
      "file": "chunk-ONJW5VE5.js"
    },
    "chunk-G6ECYYJH": {
      "file": "chunk-G6ECYYJH.js"
    },
    "chunk-YVXMBCE5": {
      "file": "chunk-YVXMBCE5.js"
    },
    "chunk-RTGP7ALM": {
      "file": "chunk-RTGP7ALM.js"
    },
    "chunk-EMA6SHFS": {
      "file": "chunk-EMA6SHFS.js"
    },
    "chunk-GLJQPHNG": {
      "file": "chunk-GLJQPHNG.js"
    },
    "chunk-WDMUDEB6": {
      "file": "chunk-WDMUDEB6.js"
    }
  }
}