{
  "hash": "d4d99f44",
  "configHash": "98eb1462",
  "lockfileHash": "46005b29",
  "browserHash": "40eb7a8b",
  "optimized": {
    "@angular/animations": {
      "src": "../../../../../../node_modules/@angular/animations/fesm2022/animations.mjs",
      "file": "@angular_animations.js",
      "fileHash": "479f9fcd",
      "needsInterop": false
    },
    "@angular/common": {
      "src": "../../../../../../node_modules/@angular/common/fesm2022/common.mjs",
      "file": "@angular_common.js",
      "fileHash": "276d98e6",
      "needsInterop": false
    },
    "@angular/common/http": {
      "src": "../../../../../../node_modules/@angular/common/fesm2022/http.mjs",
      "file": "@angular_common_http.js",
      "fileHash": "d76877e9",
      "needsInterop": false
    },
    "@angular/core": {
      "src": "../../../../../../node_modules/@angular/core/fesm2022/core.mjs",
      "file": "@angular_core.js",
      "fileHash": "9d38ac1c",
      "needsInterop": false
    },
    "@angular/forms": {
      "src": "../../../../../../node_modules/@angular/forms/fesm2022/forms.mjs",
      "file": "@angular_forms.js",
      "fileHash": "56ad7871",
      "needsInterop": false
    },
    "@angular/platform-browser": {
      "src": "../../../../../../node_modules/@angular/platform-browser/fesm2022/platform-browser.mjs",
      "file": "@angular_platform-browser.js",
      "fileHash": "963f651b",
      "needsInterop": false
    },
    "@angular/platform-browser/animations/async": {
      "src": "../../../../../../node_modules/@angular/platform-browser/fesm2022/animations/async.mjs",
      "file": "@angular_platform-browser_animations_async.js",
      "fileHash": "4464904e",
      "needsInterop": false
    },
    "@angular/router": {
      "src": "../../../../../../node_modules/@angular/router/fesm2022/router.mjs",
      "file": "@angular_router.js",
      "fileHash": "b3c1ea59",
      "needsInterop": false
    },
    "@primeuix/themes": {
      "src": "../../../../../../node_modules/@primeuix/themes/dist/index.mjs",
      "file": "@primeuix_themes.js",
      "fileHash": "f97364fd",
      "needsInterop": false
    },
    "@primeuix/themes/aura": {
      "src": "../../../../../../node_modules/@primeuix/themes/dist/aura/index.mjs",
      "file": "@primeuix_themes_aura.js",
      "fileHash": "75048e80",
      "needsInterop": false
    },
    "@primeuix/themes/lara": {
      "src": "../../../../../../node_modules/@primeuix/themes/dist/lara/index.mjs",
      "file": "@primeuix_themes_lara.js",
      "fileHash": "ae173a15",
      "needsInterop": false
    },
    "@primeuix/themes/nora": {
      "src": "../../../../../../node_modules/@primeuix/themes/dist/nora/index.mjs",
      "file": "@primeuix_themes_nora.js",
      "fileHash": "002f5743",
      "needsInterop": false
    },
    "primeng/api": {
      "src": "../../../../../../node_modules/primeng/fesm2022/primeng-api.mjs",
      "file": "primeng_api.js",
      "fileHash": "31fe513e",
      "needsInterop": false
    },
    "primeng/button": {
      "src": "../../../../../../node_modules/primeng/fesm2022/primeng-button.mjs",
      "file": "primeng_button.js",
      "fileHash": "70f123f5",
      "needsInterop": false
    },
    "primeng/card": {
      "src": "../../../../../../node_modules/primeng/fesm2022/primeng-card.mjs",
      "file": "primeng_card.js",
      "fileHash": "5a5bd551",
      "needsInterop": false
    },
    "primeng/chart": {
      "src": "../../../../../../node_modules/primeng/fesm2022/primeng-chart.mjs",
      "file": "primeng_chart.js",
      "fileHash": "85c4d597",
      "needsInterop": false
    },
    "primeng/checkbox": {
      "src": "../../../../../../node_modules/primeng/fesm2022/primeng-checkbox.mjs",
      "file": "primeng_checkbox.js",
      "fileHash": "c91c314b",
      "needsInterop": false
    },
    "primeng/config": {
      "src": "../../../../../../node_modules/primeng/fesm2022/primeng-config.mjs",
      "file": "primeng_config.js",
      "fileHash": "bb720423",
      "needsInterop": false
    },
    "primeng/confirmdialog": {
      "src": "../../../../../../node_modules/primeng/fesm2022/primeng-confirmdialog.mjs",
      "file": "primeng_confirmdialog.js",
      "fileHash": "515df6c2",
      "needsInterop": false
    },
    "primeng/datepicker": {
      "src": "../../../../../../node_modules/primeng/fesm2022/primeng-datepicker.mjs",
      "file": "primeng_datepicker.js",
      "fileHash": "4f008cfc",
      "needsInterop": false
    },
    "primeng/dialog": {
      "src": "../../../../../../node_modules/primeng/fesm2022/primeng-dialog.mjs",
      "file": "primeng_dialog.js",
      "fileHash": "220a5f10",
      "needsInterop": false
    },
    "primeng/divider": {
      "src": "../../../../../../node_modules/primeng/fesm2022/primeng-divider.mjs",
      "file": "primeng_divider.js",
      "fileHash": "33d4f850",
      "needsInterop": false
    },
    "primeng/iconfield": {
      "src": "../../../../../../node_modules/primeng/fesm2022/primeng-iconfield.mjs",
      "file": "primeng_iconfield.js",
      "fileHash": "5273eb55",
      "needsInterop": false
    },
    "primeng/inputicon": {
      "src": "../../../../../../node_modules/primeng/fesm2022/primeng-inputicon.mjs",
      "file": "primeng_inputicon.js",
      "fileHash": "f662a516",
      "needsInterop": false
    },
    "primeng/inputtext": {
      "src": "../../../../../../node_modules/primeng/fesm2022/primeng-inputtext.mjs",
      "file": "primeng_inputtext.js",
      "fileHash": "9a328cb2",
      "needsInterop": false
    },
    "primeng/panel": {
      "src": "../../../../../../node_modules/primeng/fesm2022/primeng-panel.mjs",
      "file": "primeng_panel.js",
      "fileHash": "01468a66",
      "needsInterop": false
    },
    "primeng/password": {
      "src": "../../../../../../node_modules/primeng/fesm2022/primeng-password.mjs",
      "file": "primeng_password.js",
      "fileHash": "da9cf5a1",
      "needsInterop": false
    },
    "primeng/progressbar": {
      "src": "../../../../../../node_modules/primeng/fesm2022/primeng-progressbar.mjs",
      "file": "primeng_progressbar.js",
      "fileHash": "0a1bcd3e",
      "needsInterop": false
    },
    "primeng/progressspinner": {
      "src": "../../../../../../node_modules/primeng/fesm2022/primeng-progressspinner.mjs",
      "file": "primeng_progressspinner.js",
      "fileHash": "7a2ea360",
      "needsInterop": false
    },
    "primeng/ripple": {
      "src": "../../../../../../node_modules/primeng/fesm2022/primeng-ripple.mjs",
      "file": "primeng_ripple.js",
      "fileHash": "cdd8ae6d",
      "needsInterop": false
    },
    "primeng/scroller": {
      "src": "../../../../../../node_modules/primeng/fesm2022/primeng-scroller.mjs",
      "file": "primeng_scroller.js",
      "fileHash": "5a6038d9",
      "needsInterop": false
    },
    "primeng/select": {
      "src": "../../../../../../node_modules/primeng/fesm2022/primeng-select.mjs",
      "file": "primeng_select.js",
      "fileHash": "963408b3",
      "needsInterop": false
    },
    "primeng/selectbutton": {
      "src": "../../../../../../node_modules/primeng/fesm2022/primeng-selectbutton.mjs",
      "file": "primeng_selectbutton.js",
      "fileHash": "546c0b13",
      "needsInterop": false
    },
    "primeng/styleclass": {
      "src": "../../../../../../node_modules/primeng/fesm2022/primeng-styleclass.mjs",
      "file": "primeng_styleclass.js",
      "fileHash": "42874699",
      "needsInterop": false
    },
    "primeng/table": {
      "src": "../../../../../../node_modules/primeng/fesm2022/primeng-table.mjs",
      "file": "primeng_table.js",
      "fileHash": "3ac6f7ef",
      "needsInterop": false
    },
    "primeng/tabs": {
      "src": "../../../../../../node_modules/primeng/fesm2022/primeng-tabs.mjs",
      "file": "primeng_tabs.js",
      "fileHash": "1ca01472",
      "needsInterop": false
    },
    "primeng/toast": {
      "src": "../../../../../../node_modules/primeng/fesm2022/primeng-toast.mjs",
      "file": "primeng_toast.js",
      "fileHash": "63566824",
      "needsInterop": false
    },
    "primeng/toolbar": {
      "src": "../../../../../../node_modules/primeng/fesm2022/primeng-toolbar.mjs",
      "file": "primeng_toolbar.js",
      "fileHash": "0e013818",
      "needsInterop": false
    },
    "rxjs": {
      "src": "../../../../../../node_modules/rxjs/dist/esm5/index.js",
      "file": "rxjs.js",
      "fileHash": "37b310ee",
      "needsInterop": false
    },
    "rxjs/operators": {
      "src": "../../../../../../node_modules/rxjs/dist/esm5/operators/index.js",
      "file": "rxjs_operators.js",
      "fileHash": "403a9d1b",
      "needsInterop": false
    },
    "zone.js": {
      "src": "../../../../../../node_modules/zone.js/fesm2015/zone.js",
      "file": "zone__js.js",
      "fileHash": "22bc383d",
      "needsInterop": true
    },
    "chart.js/auto": {
      "src": "../../../../../../node_modules/chart.js/auto/auto.js",
      "file": "chart__js_auto.js",
      "fileHash": "a95eb9e3",
      "needsInterop": false
    },
    "chartjs-plugin-datalabels": {
      "src": "../../../../../../node_modules/chartjs-plugin-datalabels/dist/chartjs-plugin-datalabels.esm.js",
      "file": "chartjs-plugin-datalabels.js",
      "fileHash": "3dd7e55d",
      "needsInterop": false
    },
    "primeng/menu": {
      "src": "../../../../../../node_modules/primeng/fesm2022/primeng-menu.mjs",
      "file": "primeng_menu.js",
      "fileHash": "e269e29e",
      "needsInterop": false
    },
    "primeng/tooltip": {
      "src": "../../../../../../node_modules/primeng/fesm2022/primeng-tooltip.mjs",
      "file": "primeng_tooltip.js",
      "fileHash": "3cfeb428",
      "needsInterop": false
    }
  },
  "chunks": {
    "browser-KUTJLM37": {
      "file": "browser-KUTJLM37.js"
    },
    "chunk-7XRBOMQ5": {
      "file": "chunk-7XRBOMQ5.js"
    },
    "chunk-4PZ43SKS": {
      "file": "chunk-4PZ43SKS.js"
    },
    "chunk-XRBWKLWK": {
      "file": "chunk-XRBWKLWK.js"
    },
    "chunk-5G65IFHH": {
      "file": "chunk-5G65IFHH.js"
    },
    "chunk-OLPDKIZG": {
      "file": "chunk-OLPDKIZG.js"
    },
    "chunk-U6HVSWZB": {
      "file": "chunk-U6HVSWZB.js"
    },
    "chunk-3BIJR6JB": {
      "file": "chunk-3BIJR6JB.js"
    },
    "chunk-4NBTA3CJ": {
      "file": "chunk-4NBTA3CJ.js"
    },
    "chunk-LB2S3BAP": {
      "file": "chunk-LB2S3BAP.js"
    },
    "chunk-7D4TDS55": {
      "file": "chunk-7D4TDS55.js"
    },
    "chunk-L42KLNPK": {
      "file": "chunk-L42KLNPK.js"
    },
    "chunk-ZMK5W43T": {
      "file": "chunk-ZMK5W43T.js"
    },
    "chunk-R7JFBUJZ": {
      "file": "chunk-R7JFBUJZ.js"
    },
    "chunk-OIMTZTQH": {
      "file": "chunk-OIMTZTQH.js"
    },
    "chunk-EGCZLAYV": {
      "file": "chunk-EGCZLAYV.js"
    },
    "chunk-7QYLLC5O": {
      "file": "chunk-7QYLLC5O.js"
    },
    "chunk-MIFWHKLT": {
      "file": "chunk-MIFWHKLT.js"
    },
    "chunk-OZAK2AJO": {
      "file": "chunk-OZAK2AJO.js"
    },
    "chunk-LHIFLWHI": {
      "file": "chunk-LHIFLWHI.js"
    },
    "chunk-QLCVPXQJ": {
      "file": "chunk-QLCVPXQJ.js"
    },
    "chunk-6PBBDZZF": {
      "file": "chunk-6PBBDZZF.js"
    },
    "chunk-JVLBKZCR": {
      "file": "chunk-JVLBKZCR.js"
    },
    "chunk-KA4K4MYT": {
      "file": "chunk-KA4K4MYT.js"
    },
    "chunk-EQSUFSUR": {
      "file": "chunk-EQSUFSUR.js"
    },
    "chunk-P5652PBR": {
      "file": "chunk-P5652PBR.js"
    },
    "chunk-YMCTXEQT": {
      "file": "chunk-YMCTXEQT.js"
    },
    "chunk-YDATWJJ7": {
      "file": "chunk-YDATWJJ7.js"
    },
    "chunk-XX5KEW3P": {
      "file": "chunk-XX5KEW3P.js"
    },
    "chunk-RMQSOTKS": {
      "file": "chunk-RMQSOTKS.js"
    },
    "chunk-W2Q77YF4": {
      "file": "chunk-W2Q77YF4.js"
    },
    "chunk-7R335IKT": {
      "file": "chunk-7R335IKT.js"
    },
    "chunk-C3OYVBPC": {
      "file": "chunk-C3OYVBPC.js"
    },
    "chunk-GSQ5OBN5": {
      "file": "chunk-GSQ5OBN5.js"
    },
    "chunk-QKGY44ID": {
      "file": "chunk-QKGY44ID.js"
    },
    "chunk-YIYCLP5X": {
      "file": "chunk-YIYCLP5X.js"
    },
    "chunk-RSPUADW5": {
      "file": "chunk-RSPUADW5.js"
    },
    "chunk-MFAXB7NO": {
      "file": "chunk-MFAXB7NO.js"
    },
    "chunk-I7P5IMQC": {
      "file": "chunk-I7P5IMQC.js"
    },
    "chunk-636JCMZ5": {
      "file": "chunk-636JCMZ5.js"
    },
    "chunk-ONJW5VE5": {
      "file": "chunk-ONJW5VE5.js"
    },
    "chunk-G6ECYYJH": {
      "file": "chunk-G6ECYYJH.js"
    },
    "chunk-YVXMBCE5": {
      "file": "chunk-YVXMBCE5.js"
    },
    "chunk-RTGP7ALM": {
      "file": "chunk-RTGP7ALM.js"
    },
    "chunk-WDMUDEB6": {
      "file": "chunk-WDMUDEB6.js"
    }
  }
}