{
  "hash": "d7a6a44e",
  "configHash": "f15acf34",
  "lockfileHash": "231b8703",
  "browserHash": "33411320",
  "optimized": {
    "@angular/animations": {
      "src": "../../../../../../node_modules/@angular/animations/fesm2022/animations.mjs",
      "file": "@angular_animations.js",
      "fileHash": "e96080b0",
      "needsInterop": false
    },
    "@angular/common": {
      "src": "../../../../../../node_modules/@angular/common/fesm2022/common.mjs",
      "file": "@angular_common.js",
      "fileHash": "4ae905fe",
      "needsInterop": false
    },
    "@angular/common/http": {
      "src": "../../../../../../node_modules/@angular/common/fesm2022/http.mjs",
      "file": "@angular_common_http.js",
      "fileHash": "f8fab111",
      "needsInterop": false
    },
    "@angular/core": {
      "src": "../../../../../../node_modules/@angular/core/fesm2022/core.mjs",
      "file": "@angular_core.js",
      "fileHash": "b9f315b1",
      "needsInterop": false
    },
    "@angular/forms": {
      "src": "../../../../../../node_modules/@angular/forms/fesm2022/forms.mjs",
      "file": "@angular_forms.js",
      "fileHash": "5a5a7766",
      "needsInterop": false
    },
    "@angular/platform-browser": {
      "src": "../../../../../../node_modules/@angular/platform-browser/fesm2022/platform-browser.mjs",
      "file": "@angular_platform-browser.js",
      "fileHash": "838b169a",
      "needsInterop": false
    },
    "@angular/platform-browser/animations/async": {
      "src": "../../../../../../node_modules/@angular/platform-browser/fesm2022/animations/async.mjs",
      "file": "@angular_platform-browser_animations_async.js",
      "fileHash": "3d76bb82",
      "needsInterop": false
    },
    "@angular/router": {
      "src": "../../../../../../node_modules/@angular/router/fesm2022/router.mjs",
      "file": "@angular_router.js",
      "fileHash": "143d8274",
      "needsInterop": false
    },
    "@primeuix/themes": {
      "src": "../../../../../../node_modules/@primeuix/themes/dist/index.mjs",
      "file": "@primeuix_themes.js",
      "fileHash": "f63c97fe",
      "needsInterop": false
    },
    "@primeuix/themes/aura": {
      "src": "../../../../../../node_modules/@primeuix/themes/dist/aura/index.mjs",
      "file": "@primeuix_themes_aura.js",
      "fileHash": "22a0b605",
      "needsInterop": false
    },
    "@primeuix/themes/lara": {
      "src": "../../../../../../node_modules/@primeuix/themes/dist/lara/index.mjs",
      "file": "@primeuix_themes_lara.js",
      "fileHash": "bf4d77c0",
      "needsInterop": false
    },
    "@primeuix/themes/nora": {
      "src": "../../../../../../node_modules/@primeuix/themes/dist/nora/index.mjs",
      "file": "@primeuix_themes_nora.js",
      "fileHash": "40e34617",
      "needsInterop": false
    },
    "primeng/api": {
      "src": "../../../../../../node_modules/primeng/fesm2022/primeng-api.mjs",
      "file": "primeng_api.js",
      "fileHash": "42fd5b01",
      "needsInterop": false
    },
    "primeng/button": {
      "src": "../../../../../../node_modules/primeng/fesm2022/primeng-button.mjs",
      "file": "primeng_button.js",
      "fileHash": "e3ff4f49",
      "needsInterop": false
    },
    "primeng/card": {
      "src": "../../../../../../node_modules/primeng/fesm2022/primeng-card.mjs",
      "file": "primeng_card.js",
      "fileHash": "6099b702",
      "needsInterop": false
    },
    "primeng/chart": {
      "src": "../../../../../../node_modules/primeng/fesm2022/primeng-chart.mjs",
      "file": "primeng_chart.js",
      "fileHash": "f9d3a0e1",
      "needsInterop": false
    },
    "primeng/checkbox": {
      "src": "../../../../../../node_modules/primeng/fesm2022/primeng-checkbox.mjs",
      "file": "primeng_checkbox.js",
      "fileHash": "113a346d",
      "needsInterop": false
    },
    "primeng/config": {
      "src": "../../../../../../node_modules/primeng/fesm2022/primeng-config.mjs",
      "file": "primeng_config.js",
      "fileHash": "c2237462",
      "needsInterop": false
    },
    "primeng/confirmdialog": {
      "src": "../../../../../../node_modules/primeng/fesm2022/primeng-confirmdialog.mjs",
      "file": "primeng_confirmdialog.js",
      "fileHash": "4973a425",
      "needsInterop": false
    },
    "primeng/datepicker": {
      "src": "../../../../../../node_modules/primeng/fesm2022/primeng-datepicker.mjs",
      "file": "primeng_datepicker.js",
      "fileHash": "d9d503c0",
      "needsInterop": false
    },
    "primeng/dialog": {
      "src": "../../../../../../node_modules/primeng/fesm2022/primeng-dialog.mjs",
      "file": "primeng_dialog.js",
      "fileHash": "5cdc6a3f",
      "needsInterop": false
    },
    "primeng/divider": {
      "src": "../../../../../../node_modules/primeng/fesm2022/primeng-divider.mjs",
      "file": "primeng_divider.js",
      "fileHash": "ff7db74e",
      "needsInterop": false
    },
    "primeng/iconfield": {
      "src": "../../../../../../node_modules/primeng/fesm2022/primeng-iconfield.mjs",
      "file": "primeng_iconfield.js",
      "fileHash": "1443cc52",
      "needsInterop": false
    },
    "primeng/inputicon": {
      "src": "../../../../../../node_modules/primeng/fesm2022/primeng-inputicon.mjs",
      "file": "primeng_inputicon.js",
      "fileHash": "fa00c0e6",
      "needsInterop": false
    },
    "primeng/inputtext": {
      "src": "../../../../../../node_modules/primeng/fesm2022/primeng-inputtext.mjs",
      "file": "primeng_inputtext.js",
      "fileHash": "d231ec16",
      "needsInterop": false
    },
    "primeng/panel": {
      "src": "../../../../../../node_modules/primeng/fesm2022/primeng-panel.mjs",
      "file": "primeng_panel.js",
      "fileHash": "cc7fe81e",
      "needsInterop": false
    },
    "primeng/password": {
      "src": "../../../../../../node_modules/primeng/fesm2022/primeng-password.mjs",
      "file": "primeng_password.js",
      "fileHash": "26f9c583",
      "needsInterop": false
    },
    "primeng/progressbar": {
      "src": "../../../../../../node_modules/primeng/fesm2022/primeng-progressbar.mjs",
      "file": "primeng_progressbar.js",
      "fileHash": "15f9b9ff",
      "needsInterop": false
    },
    "primeng/progressspinner": {
      "src": "../../../../../../node_modules/primeng/fesm2022/primeng-progressspinner.mjs",
      "file": "primeng_progressspinner.js",
      "fileHash": "479b0b2d",
      "needsInterop": false
    },
    "primeng/ripple": {
      "src": "../../../../../../node_modules/primeng/fesm2022/primeng-ripple.mjs",
      "file": "primeng_ripple.js",
      "fileHash": "e3eb927b",
      "needsInterop": false
    },
    "primeng/scroller": {
      "src": "../../../../../../node_modules/primeng/fesm2022/primeng-scroller.mjs",
      "file": "primeng_scroller.js",
      "fileHash": "503f6cf4",
      "needsInterop": false
    },
    "primeng/select": {
      "src": "../../../../../../node_modules/primeng/fesm2022/primeng-select.mjs",
      "file": "primeng_select.js",
      "fileHash": "5a6e8b49",
      "needsInterop": false
    },
    "primeng/selectbutton": {
      "src": "../../../../../../node_modules/primeng/fesm2022/primeng-selectbutton.mjs",
      "file": "primeng_selectbutton.js",
      "fileHash": "8c177cd3",
      "needsInterop": false
    },
    "primeng/styleclass": {
      "src": "../../../../../../node_modules/primeng/fesm2022/primeng-styleclass.mjs",
      "file": "primeng_styleclass.js",
      "fileHash": "6891bcec",
      "needsInterop": false
    },
    "primeng/table": {
      "src": "../../../../../../node_modules/primeng/fesm2022/primeng-table.mjs",
      "file": "primeng_table.js",
      "fileHash": "fe28c8bc",
      "needsInterop": false
    },
    "primeng/tabs": {
      "src": "../../../../../../node_modules/primeng/fesm2022/primeng-tabs.mjs",
      "file": "primeng_tabs.js",
      "fileHash": "a1721119",
      "needsInterop": false
    },
    "primeng/toast": {
      "src": "../../../../../../node_modules/primeng/fesm2022/primeng-toast.mjs",
      "file": "primeng_toast.js",
      "fileHash": "f2868ebf",
      "needsInterop": false
    },
    "primeng/toolbar": {
      "src": "../../../../../../node_modules/primeng/fesm2022/primeng-toolbar.mjs",
      "file": "primeng_toolbar.js",
      "fileHash": "8460376b",
      "needsInterop": false
    },
    "rxjs": {
      "src": "../../../../../../node_modules/rxjs/dist/esm5/index.js",
      "file": "rxjs.js",
      "fileHash": "c30208c4",
      "needsInterop": false
    },
    "rxjs/operators": {
      "src": "../../../../../../node_modules/rxjs/dist/esm5/operators/index.js",
      "file": "rxjs_operators.js",
      "fileHash": "9d687886",
      "needsInterop": false
    },
    "zone.js": {
      "src": "../../../../../../node_modules/zone.js/fesm2015/zone.js",
      "file": "zone__js.js",
      "fileHash": "1a56696a",
      "needsInterop": true
    }
  },
  "chunks": {
    "browser-MRNC7GCW": {
      "file": "browser-MRNC7GCW.js"
    },
    "chunk-I4YMKG6Z": {
      "file": "chunk-I4YMKG6Z.js"
    },
    "chunk-3WTN4IH5": {
      "file": "chunk-3WTN4IH5.js"
    },
    "chunk-MHYNU7SW": {
      "file": "chunk-MHYNU7SW.js"
    },
    "chunk-HIFK63DT": {
      "file": "chunk-HIFK63DT.js"
    },
    "chunk-JKMZGXQG": {
      "file": "chunk-JKMZGXQG.js"
    },
    "chunk-JWRK6GG3": {
      "file": "chunk-JWRK6GG3.js"
    },
    "chunk-IE7QPAYF": {
      "file": "chunk-IE7QPAYF.js"
    },
    "chunk-IWW2OXKJ": {
      "file": "chunk-IWW2OXKJ.js"
    },
    "chunk-P5652PBR": {
      "file": "chunk-P5652PBR.js"
    },
    "chunk-EXQZZNJW": {
      "file": "chunk-EXQZZNJW.js"
    },
    "chunk-5QKCO7UU": {
      "file": "chunk-5QKCO7UU.js"
    },
    "chunk-RZ6VFNIJ": {
      "file": "chunk-RZ6VFNIJ.js"
    },
    "chunk-A2EUBCM5": {
      "file": "chunk-A2EUBCM5.js"
    },
    "chunk-R7JFBUJZ": {
      "file": "chunk-R7JFBUJZ.js"
    },
    "chunk-BCNFCDLK": {
      "file": "chunk-BCNFCDLK.js"
    },
    "chunk-ETNJQRBD": {
      "file": "chunk-ETNJQRBD.js"
    },
    "chunk-FBUI43R4": {
      "file": "chunk-FBUI43R4.js"
    },
    "chunk-WZLUJU4U": {
      "file": "chunk-WZLUJU4U.js"
    },
    "chunk-3XTFSOXQ": {
      "file": "chunk-3XTFSOXQ.js"
    },
    "chunk-IXDTOBN3": {
      "file": "chunk-IXDTOBN3.js"
    },
    "chunk-6PBBDZZF": {
      "file": "chunk-6PBBDZZF.js"
    },
    "chunk-Q7U7ESZ4": {
      "file": "chunk-Q7U7ESZ4.js"
    },
    "chunk-A7F2LEM3": {
      "file": "chunk-A7F2LEM3.js"
    },
    "chunk-V5KIDVLW": {
      "file": "chunk-V5KIDVLW.js"
    },
    "chunk-W2Q77YF4": {
      "file": "chunk-W2Q77YF4.js"
    },
    "chunk-7R335IKT": {
      "file": "chunk-7R335IKT.js"
    },
    "chunk-YIYCLP5X": {
      "file": "chunk-YIYCLP5X.js"
    },
    "chunk-RSPUADW5": {
      "file": "chunk-RSPUADW5.js"
    },
    "chunk-MFAXB7NO": {
      "file": "chunk-MFAXB7NO.js"
    },
    "chunk-I7P5IMQC": {
      "file": "chunk-I7P5IMQC.js"
    },
    "chunk-636JCMZ5": {
      "file": "chunk-636JCMZ5.js"
    },
    "chunk-ONJW5VE5": {
      "file": "chunk-ONJW5VE5.js"
    },
    "chunk-YVXMBCE5": {
      "file": "chunk-YVXMBCE5.js"
    },
    "chunk-G6ECYYJH": {
      "file": "chunk-G6ECYYJH.js"
    },
    "chunk-RTGP7ALM": {
      "file": "chunk-RTGP7ALM.js"
    },
    "chunk-6EQKTW5Q": {
      "file": "chunk-6EQKTW5Q.js"
    },
    "chunk-G6FBPI4E": {
      "file": "chunk-G6FBPI4E.js"
    },
    "chunk-WDMUDEB6": {
      "file": "chunk-WDMUDEB6.js"
    }
  }
}