{
  "hash": "423c8756",
  "configHash": "0a814ab0",
  "lockfileHash": "46005b29",
  "browserHash": "1682ec63",
  "optimized": {
    "@angular/animations": {
      "src": "../../../../../../node_modules/@angular/animations/fesm2022/animations.mjs",
      "file": "@angular_animations.js",
      "fileHash": "fdbac1f0",
      "needsInterop": false
    },
    "@angular/common": {
      "src": "../../../../../../node_modules/@angular/common/fesm2022/common.mjs",
      "file": "@angular_common.js",
      "fileHash": "80903eb0",
      "needsInterop": false
    },
    "@angular/common/http": {
      "src": "../../../../../../node_modules/@angular/common/fesm2022/http.mjs",
      "file": "@angular_common_http.js",
      "fileHash": "e28748d2",
      "needsInterop": false
    },
    "@angular/core": {
      "src": "../../../../../../node_modules/@angular/core/fesm2022/core.mjs",
      "file": "@angular_core.js",
      "fileHash": "d20c4256",
      "needsInterop": false
    },
    "@angular/forms": {
      "src": "../../../../../../node_modules/@angular/forms/fesm2022/forms.mjs",
      "file": "@angular_forms.js",
      "fileHash": "382be538",
      "needsInterop": false
    },
    "@angular/platform-browser": {
      "src": "../../../../../../node_modules/@angular/platform-browser/fesm2022/platform-browser.mjs",
      "file": "@angular_platform-browser.js",
      "fileHash": "9d53262d",
      "needsInterop": false
    },
    "@angular/platform-browser/animations/async": {
      "src": "../../../../../../node_modules/@angular/platform-browser/fesm2022/animations/async.mjs",
      "file": "@angular_platform-browser_animations_async.js",
      "fileHash": "d2948ba0",
      "needsInterop": false
    },
    "@angular/router": {
      "src": "../../../../../../node_modules/@angular/router/fesm2022/router.mjs",
      "file": "@angular_router.js",
      "fileHash": "94e5c4c2",
      "needsInterop": false
    },
    "@primeuix/themes": {
      "src": "../../../../../../node_modules/@primeuix/themes/dist/index.mjs",
      "file": "@primeuix_themes.js",
      "fileHash": "33daeaec",
      "needsInterop": false
    },
    "@primeuix/themes/aura": {
      "src": "../../../../../../node_modules/@primeuix/themes/dist/aura/index.mjs",
      "file": "@primeuix_themes_aura.js",
      "fileHash": "c9fe7029",
      "needsInterop": false
    },
    "@primeuix/themes/lara": {
      "src": "../../../../../../node_modules/@primeuix/themes/dist/lara/index.mjs",
      "file": "@primeuix_themes_lara.js",
      "fileHash": "22c9378a",
      "needsInterop": false
    },
    "@primeuix/themes/nora": {
      "src": "../../../../../../node_modules/@primeuix/themes/dist/nora/index.mjs",
      "file": "@primeuix_themes_nora.js",
      "fileHash": "e9021a88",
      "needsInterop": false
    },
    "chart.js/auto": {
      "src": "../../../../../../node_modules/chart.js/auto/auto.js",
      "file": "chart__js_auto.js",
      "fileHash": "7fd102ef",
      "needsInterop": false
    },
    "chartjs-plugin-datalabels": {
      "src": "../../../../../../node_modules/chartjs-plugin-datalabels/dist/chartjs-plugin-datalabels.esm.js",
      "file": "chartjs-plugin-datalabels.js",
      "fileHash": "b609a89c",
      "needsInterop": false
    },
    "primeng/api": {
      "src": "../../../../../../node_modules/primeng/fesm2022/primeng-api.mjs",
      "file": "primeng_api.js",
      "fileHash": "def32a47",
      "needsInterop": false
    },
    "primeng/button": {
      "src": "../../../../../../node_modules/primeng/fesm2022/primeng-button.mjs",
      "file": "primeng_button.js",
      "fileHash": "25559284",
      "needsInterop": false
    },
    "primeng/card": {
      "src": "../../../../../../node_modules/primeng/fesm2022/primeng-card.mjs",
      "file": "primeng_card.js",
      "fileHash": "0d1b6b93",
      "needsInterop": false
    },
    "primeng/chart": {
      "src": "../../../../../../node_modules/primeng/fesm2022/primeng-chart.mjs",
      "file": "primeng_chart.js",
      "fileHash": "2c7ea56f",
      "needsInterop": false
    },
    "primeng/checkbox": {
      "src": "../../../../../../node_modules/primeng/fesm2022/primeng-checkbox.mjs",
      "file": "primeng_checkbox.js",
      "fileHash": "99f66d2c",
      "needsInterop": false
    },
    "primeng/config": {
      "src": "../../../../../../node_modules/primeng/fesm2022/primeng-config.mjs",
      "file": "primeng_config.js",
      "fileHash": "126c3437",
      "needsInterop": false
    },
    "primeng/confirmdialog": {
      "src": "../../../../../../node_modules/primeng/fesm2022/primeng-confirmdialog.mjs",
      "file": "primeng_confirmdialog.js",
      "fileHash": "cfda2b78",
      "needsInterop": false
    },
    "primeng/datepicker": {
      "src": "../../../../../../node_modules/primeng/fesm2022/primeng-datepicker.mjs",
      "file": "primeng_datepicker.js",
      "fileHash": "aaba514c",
      "needsInterop": false
    },
    "primeng/dialog": {
      "src": "../../../../../../node_modules/primeng/fesm2022/primeng-dialog.mjs",
      "file": "primeng_dialog.js",
      "fileHash": "38308317",
      "needsInterop": false
    },
    "primeng/divider": {
      "src": "../../../../../../node_modules/primeng/fesm2022/primeng-divider.mjs",
      "file": "primeng_divider.js",
      "fileHash": "ded739d1",
      "needsInterop": false
    },
    "primeng/iconfield": {
      "src": "../../../../../../node_modules/primeng/fesm2022/primeng-iconfield.mjs",
      "file": "primeng_iconfield.js",
      "fileHash": "89a5864e",
      "needsInterop": false
    },
    "primeng/inputicon": {
      "src": "../../../../../../node_modules/primeng/fesm2022/primeng-inputicon.mjs",
      "file": "primeng_inputicon.js",
      "fileHash": "8b1e8d20",
      "needsInterop": false
    },
    "primeng/inputtext": {
      "src": "../../../../../../node_modules/primeng/fesm2022/primeng-inputtext.mjs",
      "file": "primeng_inputtext.js",
      "fileHash": "36ffb0bc",
      "needsInterop": false
    },
    "primeng/menu": {
      "src": "../../../../../../node_modules/primeng/fesm2022/primeng-menu.mjs",
      "file": "primeng_menu.js",
      "fileHash": "89d4d4da",
      "needsInterop": false
    },
    "primeng/panel": {
      "src": "../../../../../../node_modules/primeng/fesm2022/primeng-panel.mjs",
      "file": "primeng_panel.js",
      "fileHash": "be7250f3",
      "needsInterop": false
    },
    "primeng/password": {
      "src": "../../../../../../node_modules/primeng/fesm2022/primeng-password.mjs",
      "file": "primeng_password.js",
      "fileHash": "3cb96e89",
      "needsInterop": false
    },
    "primeng/progressbar": {
      "src": "../../../../../../node_modules/primeng/fesm2022/primeng-progressbar.mjs",
      "file": "primeng_progressbar.js",
      "fileHash": "e1b9f742",
      "needsInterop": false
    },
    "primeng/progressspinner": {
      "src": "../../../../../../node_modules/primeng/fesm2022/primeng-progressspinner.mjs",
      "file": "primeng_progressspinner.js",
      "fileHash": "ca6cef0c",
      "needsInterop": false
    },
    "primeng/ripple": {
      "src": "../../../../../../node_modules/primeng/fesm2022/primeng-ripple.mjs",
      "file": "primeng_ripple.js",
      "fileHash": "b603741d",
      "needsInterop": false
    },
    "primeng/scroller": {
      "src": "../../../../../../node_modules/primeng/fesm2022/primeng-scroller.mjs",
      "file": "primeng_scroller.js",
      "fileHash": "2697a7d0",
      "needsInterop": false
    },
    "primeng/select": {
      "src": "../../../../../../node_modules/primeng/fesm2022/primeng-select.mjs",
      "file": "primeng_select.js",
      "fileHash": "d1eda469",
      "needsInterop": false
    },
    "primeng/selectbutton": {
      "src": "../../../../../../node_modules/primeng/fesm2022/primeng-selectbutton.mjs",
      "file": "primeng_selectbutton.js",
      "fileHash": "f4828f4d",
      "needsInterop": false
    },
    "primeng/styleclass": {
      "src": "../../../../../../node_modules/primeng/fesm2022/primeng-styleclass.mjs",
      "file": "primeng_styleclass.js",
      "fileHash": "70e4cf68",
      "needsInterop": false
    },
    "primeng/table": {
      "src": "../../../../../../node_modules/primeng/fesm2022/primeng-table.mjs",
      "file": "primeng_table.js",
      "fileHash": "380897d9",
      "needsInterop": false
    },
    "primeng/tabs": {
      "src": "../../../../../../node_modules/primeng/fesm2022/primeng-tabs.mjs",
      "file": "primeng_tabs.js",
      "fileHash": "8b7964ad",
      "needsInterop": false
    },
    "primeng/toast": {
      "src": "../../../../../../node_modules/primeng/fesm2022/primeng-toast.mjs",
      "file": "primeng_toast.js",
      "fileHash": "c7b35559",
      "needsInterop": false
    },
    "primeng/toolbar": {
      "src": "../../../../../../node_modules/primeng/fesm2022/primeng-toolbar.mjs",
      "file": "primeng_toolbar.js",
      "fileHash": "714d7541",
      "needsInterop": false
    },
    "primeng/tooltip": {
      "src": "../../../../../../node_modules/primeng/fesm2022/primeng-tooltip.mjs",
      "file": "primeng_tooltip.js",
      "fileHash": "a1ab7d24",
      "needsInterop": false
    },
    "rxjs": {
      "src": "../../../../../../node_modules/rxjs/dist/esm5/index.js",
      "file": "rxjs.js",
      "fileHash": "8c5ab564",
      "needsInterop": false
    },
    "rxjs/operators": {
      "src": "../../../../../../node_modules/rxjs/dist/esm5/operators/index.js",
      "file": "rxjs_operators.js",
      "fileHash": "0d98d02c",
      "needsInterop": false
    },
    "zone.js": {
      "src": "../../../../../../node_modules/zone.js/fesm2015/zone.js",
      "file": "zone__js.js",
      "fileHash": "5c0589fa",
      "needsInterop": true
    }
  },
  "chunks": {
    "browser-KUTJLM37": {
      "file": "browser-KUTJLM37.js"
    },
    "chunk-HIFK63DT": {
      "file": "chunk-HIFK63DT.js"
    },
    "chunk-RQULS3YT": {
      "file": "chunk-RQULS3YT.js"
    },
    "chunk-KJ2GSCLA": {
      "file": "chunk-KJ2GSCLA.js"
    },
    "chunk-JKMZGXQG": {
      "file": "chunk-JKMZGXQG.js"
    },
    "chunk-HUKB6LUY": {
      "file": "chunk-HUKB6LUY.js"
    },
    "chunk-MHYNU7SW": {
      "file": "chunk-MHYNU7SW.js"
    },
    "chunk-RZ6VFNIJ": {
      "file": "chunk-RZ6VFNIJ.js"
    },
    "chunk-JWRK6GG3": {
      "file": "chunk-JWRK6GG3.js"
    },
    "chunk-IE7QPAYF": {
      "file": "chunk-IE7QPAYF.js"
    },
    "chunk-A2EUBCM5": {
      "file": "chunk-A2EUBCM5.js"
    },
    "chunk-FDF6UJQB": {
      "file": "chunk-FDF6UJQB.js"
    },
    "chunk-P5652PBR": {
      "file": "chunk-P5652PBR.js"
    },
    "chunk-R7JFBUJZ": {
      "file": "chunk-R7JFBUJZ.js"
    },
    "chunk-EXQZZNJW": {
      "file": "chunk-EXQZZNJW.js"
    },
    "chunk-5QKCO7UU": {
      "file": "chunk-5QKCO7UU.js"
    },
    "chunk-5QLYS25Z": {
      "file": "chunk-5QLYS25Z.js"
    },
    "chunk-BHDMFUZ5": {
      "file": "chunk-BHDMFUZ5.js"
    },
    "chunk-VC4E5ZWM": {
      "file": "chunk-VC4E5ZWM.js"
    },
    "chunk-WZLUJU4U": {
      "file": "chunk-WZLUJU4U.js"
    },
    "chunk-IXDTOBN3": {
      "file": "chunk-IXDTOBN3.js"
    },
    "chunk-KU4HYWOE": {
      "file": "chunk-KU4HYWOE.js"
    },
    "chunk-6PBBDZZF": {
      "file": "chunk-6PBBDZZF.js"
    },
    "chunk-FBUI43R4": {
      "file": "chunk-FBUI43R4.js"
    },
    "chunk-3XTFSOXQ": {
      "file": "chunk-3XTFSOXQ.js"
    },
    "chunk-JVLBKZCR": {
      "file": "chunk-JVLBKZCR.js"
    },
    "chunk-KA4K4MYT": {
      "file": "chunk-KA4K4MYT.js"
    },
    "chunk-Q7U7ESZ4": {
      "file": "chunk-Q7U7ESZ4.js"
    },
    "chunk-A7F2LEM3": {
      "file": "chunk-A7F2LEM3.js"
    },
    "chunk-V5KIDVLW": {
      "file": "chunk-V5KIDVLW.js"
    },
    "chunk-W2Q77YF4": {
      "file": "chunk-W2Q77YF4.js"
    },
    "chunk-7R335IKT": {
      "file": "chunk-7R335IKT.js"
    },
    "chunk-QKGY44ID": {
      "file": "chunk-QKGY44ID.js"
    },
    "chunk-YIYCLP5X": {
      "file": "chunk-YIYCLP5X.js"
    },
    "chunk-RSPUADW5": {
      "file": "chunk-RSPUADW5.js"
    },
    "chunk-MFAXB7NO": {
      "file": "chunk-MFAXB7NO.js"
    },
    "chunk-I7P5IMQC": {
      "file": "chunk-I7P5IMQC.js"
    },
    "chunk-636JCMZ5": {
      "file": "chunk-636JCMZ5.js"
    },
    "chunk-ONJW5VE5": {
      "file": "chunk-ONJW5VE5.js"
    },
    "chunk-G6ECYYJH": {
      "file": "chunk-G6ECYYJH.js"
    },
    "chunk-YVXMBCE5": {
      "file": "chunk-YVXMBCE5.js"
    },
    "chunk-RTGP7ALM": {
      "file": "chunk-RTGP7ALM.js"
    },
    "chunk-6EQKTW5Q": {
      "file": "chunk-6EQKTW5Q.js"
    },
    "chunk-G6FBPI4E": {
      "file": "chunk-G6FBPI4E.js"
    },
    "chunk-WDMUDEB6": {
      "file": "chunk-WDMUDEB6.js"
    }
  }
}