{
  "hash": "48d08b86",
  "configHash": "fe4c9deb",
  "lockfileHash": "dad26773",
  "browserHash": "795bba02",
  "optimized": {
    "@angular/animations": {
      "src": "../../../../../../node_modules/@angular/animations/fesm2022/animations.mjs",
      "file": "@angular_animations.js",
      "fileHash": "5b1486c3",
      "needsInterop": false
    },
    "@angular/common": {
      "src": "../../../../../../node_modules/@angular/common/fesm2022/common.mjs",
      "file": "@angular_common.js",
      "fileHash": "219166d5",
      "needsInterop": false
    },
    "@angular/common/http": {
      "src": "../../../../../../node_modules/@angular/common/fesm2022/http.mjs",
      "file": "@angular_common_http.js",
      "fileHash": "904978e1",
      "needsInterop": false
    },
    "@angular/core": {
      "src": "../../../../../../node_modules/@angular/core/fesm2022/core.mjs",
      "file": "@angular_core.js",
      "fileHash": "57ea39fd",
      "needsInterop": false
    },
    "@angular/forms": {
      "src": "../../../../../../node_modules/@angular/forms/fesm2022/forms.mjs",
      "file": "@angular_forms.js",
      "fileHash": "4a3b3132",
      "needsInterop": false
    },
    "@angular/platform-browser": {
      "src": "../../../../../../node_modules/@angular/platform-browser/fesm2022/platform-browser.mjs",
      "file": "@angular_platform-browser.js",
      "fileHash": "840924dd",
      "needsInterop": false
    },
    "@angular/platform-browser/animations/async": {
      "src": "../../../../../../node_modules/@angular/platform-browser/fesm2022/animations/async.mjs",
      "file": "@angular_platform-browser_animations_async.js",
      "fileHash": "ea3a2894",
      "needsInterop": false
    },
    "@angular/router": {
      "src": "../../../../../../node_modules/@angular/router/fesm2022/router.mjs",
      "file": "@angular_router.js",
      "fileHash": "a847ec36",
      "needsInterop": false
    },
    "@primeuix/themes": {
      "src": "../../../../../../node_modules/@primeuix/themes/dist/index.mjs",
      "file": "@primeuix_themes.js",
      "fileHash": "1a1a105b",
      "needsInterop": false
    },
    "@primeuix/themes/aura": {
      "src": "../../../../../../node_modules/@primeuix/themes/dist/aura/index.mjs",
      "file": "@primeuix_themes_aura.js",
      "fileHash": "f1ea0e47",
      "needsInterop": false
    },
    "@primeuix/themes/lara": {
      "src": "../../../../../../node_modules/@primeuix/themes/dist/lara/index.mjs",
      "file": "@primeuix_themes_lara.js",
      "fileHash": "159fe89d",
      "needsInterop": false
    },
    "@primeuix/themes/nora": {
      "src": "../../../../../../node_modules/@primeuix/themes/dist/nora/index.mjs",
      "file": "@primeuix_themes_nora.js",
      "fileHash": "3d900ac7",
      "needsInterop": false
    },
    "chart.js/auto": {
      "src": "../../../../../../node_modules/chart.js/auto/auto.js",
      "file": "chart__js_auto.js",
      "fileHash": "d625ccef",
      "needsInterop": false
    },
    "chartjs-plugin-datalabels": {
      "src": "../../../../../../node_modules/chartjs-plugin-datalabels/dist/chartjs-plugin-datalabels.esm.js",
      "file": "chartjs-plugin-datalabels.js",
      "fileHash": "5f79d9e1",
      "needsInterop": false
    },
    "primeng/api": {
      "src": "../../../../../../node_modules/primeng/fesm2022/primeng-api.mjs",
      "file": "primeng_api.js",
      "fileHash": "10c3f8b2",
      "needsInterop": false
    },
    "primeng/button": {
      "src": "../../../../../../node_modules/primeng/fesm2022/primeng-button.mjs",
      "file": "primeng_button.js",
      "fileHash": "2bb465b9",
      "needsInterop": false
    },
    "primeng/card": {
      "src": "../../../../../../node_modules/primeng/fesm2022/primeng-card.mjs",
      "file": "primeng_card.js",
      "fileHash": "1d253bfe",
      "needsInterop": false
    },
    "primeng/chart": {
      "src": "../../../../../../node_modules/primeng/fesm2022/primeng-chart.mjs",
      "file": "primeng_chart.js",
      "fileHash": "0a095b71",
      "needsInterop": false
    },
    "primeng/checkbox": {
      "src": "../../../../../../node_modules/primeng/fesm2022/primeng-checkbox.mjs",
      "file": "primeng_checkbox.js",
      "fileHash": "9310a96e",
      "needsInterop": false
    },
    "primeng/config": {
      "src": "../../../../../../node_modules/primeng/fesm2022/primeng-config.mjs",
      "file": "primeng_config.js",
      "fileHash": "13c5b943",
      "needsInterop": false
    },
    "primeng/confirmdialog": {
      "src": "../../../../../../node_modules/primeng/fesm2022/primeng-confirmdialog.mjs",
      "file": "primeng_confirmdialog.js",
      "fileHash": "007c8c27",
      "needsInterop": false
    },
    "primeng/datepicker": {
      "src": "../../../../../../node_modules/primeng/fesm2022/primeng-datepicker.mjs",
      "file": "primeng_datepicker.js",
      "fileHash": "c75c7b09",
      "needsInterop": false
    },
    "primeng/dialog": {
      "src": "../../../../../../node_modules/primeng/fesm2022/primeng-dialog.mjs",
      "file": "primeng_dialog.js",
      "fileHash": "51220cbe",
      "needsInterop": false
    },
    "primeng/divider": {
      "src": "../../../../../../node_modules/primeng/fesm2022/primeng-divider.mjs",
      "file": "primeng_divider.js",
      "fileHash": "e1daee80",
      "needsInterop": false
    },
    "primeng/iconfield": {
      "src": "../../../../../../node_modules/primeng/fesm2022/primeng-iconfield.mjs",
      "file": "primeng_iconfield.js",
      "fileHash": "61b8ee12",
      "needsInterop": false
    },
    "primeng/inputicon": {
      "src": "../../../../../../node_modules/primeng/fesm2022/primeng-inputicon.mjs",
      "file": "primeng_inputicon.js",
      "fileHash": "b721d540",
      "needsInterop": false
    },
    "primeng/inputtext": {
      "src": "../../../../../../node_modules/primeng/fesm2022/primeng-inputtext.mjs",
      "file": "primeng_inputtext.js",
      "fileHash": "c3bec938",
      "needsInterop": false
    },
    "primeng/menu": {
      "src": "../../../../../../node_modules/primeng/fesm2022/primeng-menu.mjs",
      "file": "primeng_menu.js",
      "fileHash": "049578f9",
      "needsInterop": false
    },
    "primeng/panel": {
      "src": "../../../../../../node_modules/primeng/fesm2022/primeng-panel.mjs",
      "file": "primeng_panel.js",
      "fileHash": "90130978",
      "needsInterop": false
    },
    "primeng/password": {
      "src": "../../../../../../node_modules/primeng/fesm2022/primeng-password.mjs",
      "file": "primeng_password.js",
      "fileHash": "e7b35a45",
      "needsInterop": false
    },
    "primeng/progressbar": {
      "src": "../../../../../../node_modules/primeng/fesm2022/primeng-progressbar.mjs",
      "file": "primeng_progressbar.js",
      "fileHash": "1fd63eb0",
      "needsInterop": false
    },
    "primeng/progressspinner": {
      "src": "../../../../../../node_modules/primeng/fesm2022/primeng-progressspinner.mjs",
      "file": "primeng_progressspinner.js",
      "fileHash": "2f0ebc7c",
      "needsInterop": false
    },
    "primeng/ripple": {
      "src": "../../../../../../node_modules/primeng/fesm2022/primeng-ripple.mjs",
      "file": "primeng_ripple.js",
      "fileHash": "659f6bdc",
      "needsInterop": false
    },
    "primeng/scroller": {
      "src": "../../../../../../node_modules/primeng/fesm2022/primeng-scroller.mjs",
      "file": "primeng_scroller.js",
      "fileHash": "7b1ff897",
      "needsInterop": false
    },
    "primeng/select": {
      "src": "../../../../../../node_modules/primeng/fesm2022/primeng-select.mjs",
      "file": "primeng_select.js",
      "fileHash": "dda0f085",
      "needsInterop": false
    },
    "primeng/selectbutton": {
      "src": "../../../../../../node_modules/primeng/fesm2022/primeng-selectbutton.mjs",
      "file": "primeng_selectbutton.js",
      "fileHash": "1452af14",
      "needsInterop": false
    },
    "primeng/styleclass": {
      "src": "../../../../../../node_modules/primeng/fesm2022/primeng-styleclass.mjs",
      "file": "primeng_styleclass.js",
      "fileHash": "649c77b9",
      "needsInterop": false
    },
    "primeng/table": {
      "src": "../../../../../../node_modules/primeng/fesm2022/primeng-table.mjs",
      "file": "primeng_table.js",
      "fileHash": "d7a51c63",
      "needsInterop": false
    },
    "primeng/tabs": {
      "src": "../../../../../../node_modules/primeng/fesm2022/primeng-tabs.mjs",
      "file": "primeng_tabs.js",
      "fileHash": "a8b8fe37",
      "needsInterop": false
    },
    "primeng/toast": {
      "src": "../../../../../../node_modules/primeng/fesm2022/primeng-toast.mjs",
      "file": "primeng_toast.js",
      "fileHash": "28980c04",
      "needsInterop": false
    },
    "primeng/toolbar": {
      "src": "../../../../../../node_modules/primeng/fesm2022/primeng-toolbar.mjs",
      "file": "primeng_toolbar.js",
      "fileHash": "18752d59",
      "needsInterop": false
    },
    "primeng/tooltip": {
      "src": "../../../../../../node_modules/primeng/fesm2022/primeng-tooltip.mjs",
      "file": "primeng_tooltip.js",
      "fileHash": "307d6c9e",
      "needsInterop": false
    },
    "rxjs": {
      "src": "../../../../../../node_modules/rxjs/dist/esm5/index.js",
      "file": "rxjs.js",
      "fileHash": "d9dbf7fd",
      "needsInterop": false
    },
    "rxjs/operators": {
      "src": "../../../../../../node_modules/rxjs/dist/esm5/operators/index.js",
      "file": "rxjs_operators.js",
      "fileHash": "dfa23056",
      "needsInterop": false
    },
    "xlsx": {
      "src": "../../../../../../node_modules/xlsx/xlsx.mjs",
      "file": "xlsx.js",
      "fileHash": "570bac37",
      "needsInterop": false
    },
    "zone.js": {
      "src": "../../../../../../node_modules/zone.js/fesm2015/zone.js",
      "file": "zone__js.js",
      "fileHash": "195cdb9f",
      "needsInterop": true
    }
  },
  "chunks": {
    "chunk-3DV72RWH": {
      "file": "chunk-3DV72RWH.js"
    },
    "browser-MRNC7GCW": {
      "file": "browser-MRNC7GCW.js"
    },
    "chunk-RUZ7C6H7": {
      "file": "chunk-RUZ7C6H7.js"
    },
    "chunk-JKMZGXQG": {
      "file": "chunk-JKMZGXQG.js"
    },
    "chunk-HIFK63DT": {
      "file": "chunk-HIFK63DT.js"
    },
    "chunk-HUKB6LUY": {
      "file": "chunk-HUKB6LUY.js"
    },
    "chunk-MHYNU7SW": {
      "file": "chunk-MHYNU7SW.js"
    },
    "chunk-RZ6VFNIJ": {
      "file": "chunk-RZ6VFNIJ.js"
    },
    "chunk-JWRK6GG3": {
      "file": "chunk-JWRK6GG3.js"
    },
    "chunk-IE7QPAYF": {
      "file": "chunk-IE7QPAYF.js"
    },
    "chunk-A2EUBCM5": {
      "file": "chunk-A2EUBCM5.js"
    },
    "chunk-R7JFBUJZ": {
      "file": "chunk-R7JFBUJZ.js"
    },
    "chunk-FDF6UJQB": {
      "file": "chunk-FDF6UJQB.js"
    },
    "chunk-P5652PBR": {
      "file": "chunk-P5652PBR.js"
    },
    "chunk-5QLYS25Z": {
      "file": "chunk-5QLYS25Z.js"
    },
    "chunk-BHDMFUZ5": {
      "file": "chunk-BHDMFUZ5.js"
    },
    "chunk-VC4E5ZWM": {
      "file": "chunk-VC4E5ZWM.js"
    },
    "chunk-WZLUJU4U": {
      "file": "chunk-WZLUJU4U.js"
    },
    "chunk-IXDTOBN3": {
      "file": "chunk-IXDTOBN3.js"
    },
    "chunk-KU4HYWOE": {
      "file": "chunk-KU4HYWOE.js"
    },
    "chunk-6PBBDZZF": {
      "file": "chunk-6PBBDZZF.js"
    },
    "chunk-FBUI43R4": {
      "file": "chunk-FBUI43R4.js"
    },
    "chunk-3XTFSOXQ": {
      "file": "chunk-3XTFSOXQ.js"
    },
    "chunk-EXQZZNJW": {
      "file": "chunk-EXQZZNJW.js"
    },
    "chunk-5QKCO7UU": {
      "file": "chunk-5QKCO7UU.js"
    },
    "chunk-JVLBKZCR": {
      "file": "chunk-JVLBKZCR.js"
    },
    "chunk-KA4K4MYT": {
      "file": "chunk-KA4K4MYT.js"
    },
    "chunk-Q7U7ESZ4": {
      "file": "chunk-Q7U7ESZ4.js"
    },
    "chunk-A7F2LEM3": {
      "file": "chunk-A7F2LEM3.js"
    },
    "chunk-V5KIDVLW": {
      "file": "chunk-V5KIDVLW.js"
    },
    "chunk-W2Q77YF4": {
      "file": "chunk-W2Q77YF4.js"
    },
    "chunk-7R335IKT": {
      "file": "chunk-7R335IKT.js"
    },
    "chunk-QKGY44ID": {
      "file": "chunk-QKGY44ID.js"
    },
    "chunk-YIYCLP5X": {
      "file": "chunk-YIYCLP5X.js"
    },
    "chunk-RSPUADW5": {
      "file": "chunk-RSPUADW5.js"
    },
    "chunk-MFAXB7NO": {
      "file": "chunk-MFAXB7NO.js"
    },
    "chunk-I7P5IMQC": {
      "file": "chunk-I7P5IMQC.js"
    },
    "chunk-636JCMZ5": {
      "file": "chunk-636JCMZ5.js"
    },
    "chunk-ONJW5VE5": {
      "file": "chunk-ONJW5VE5.js"
    },
    "chunk-YVXMBCE5": {
      "file": "chunk-YVXMBCE5.js"
    },
    "chunk-G6ECYYJH": {
      "file": "chunk-G6ECYYJH.js"
    },
    "chunk-RTGP7ALM": {
      "file": "chunk-RTGP7ALM.js"
    },
    "chunk-6EQKTW5Q": {
      "file": "chunk-6EQKTW5Q.js"
    },
    "chunk-G6FBPI4E": {
      "file": "chunk-G6FBPI4E.js"
    },
    "chunk-WDMUDEB6": {
      "file": "chunk-WDMUDEB6.js"
    }
  }
}